timestamp,elapsed_s,svm_proba,pose_score,fused_proba,label,fall_predicted,risk_slope,trunk_lean_deg,knee_asymmetry,head_drop_rate
03:57:25.848,0.0,0.0000,0.0000,0.0000,0,0,0.00000,0.0,0.0,0.0
03:57:26.049,0.2,0.0000,0.0000,0.0000,0,0,0.00000,0.0,0.0,0.0
03:57:26.249,0.4,0.0000,0.0000,0.0000,0,0,0.00000,0.0,0.0,0.0
03:57:26.450,0.6,0.0000,0.0000,0.0000,0,0,0.00000,0.0,0.0,0.0
03:57:26.650,0.8,0.0000,0.0000,0.0000,0,0,0.00000,0.0,0.0,0.0
03:57:26.851,1.0,0.0000,0.1794,0.0807,0,0,0.01153,11.92,0.363,0.0
03:57:27.053,1.21,0.0132,0.1794,0.1169,0,0,0.01829,11.92,0.363,0.0
03:57:27.254,1.41,0.0133,0.0045,0.0667,0,0,0.01540,-0.47,0.106,0.0
03:57:27.455,1.61,0.0135,0.0060,0.0668,0,0,0.01467,0.56,0.055,0.0
03:57:27.655,1.81,0.0136,0.0118,0.0680,0,0,0.01245,1.15,0.18,0.0
03:57:27.856,2.01,0.0134,0.0124,0.0670,0,0,0.00853,1.61,0.201,0.0
03:57:28.056,2.21,0.0134,0.0151,0.0670,0,0,0.00853,1.87,0.242,0.0
03:57:28.256,2.41,0.0135,0.0161,0.0671,0,0,0.00303,0.39,0.253,0.0
03:57:28.457,2.61,0.0133,0.0143,0.0664,0,0,-0.00416,1.29,0.262,0.0
03:57:28.658,2.81,0.0134,0.0139,0.0668,0,0,-0.00003,0.92,0.179,0.0
03:57:28.858,3.01,0.0133,0.0103,0.0668,0,0,-0.00003,1.1,0.085,0.0001
03:57:29.060,3.21,0.0133,0.0117,0.0667,0,0,-0.00010,0.99,0.06,0.0004
03:57:29.262,3.41,0.0133,0.0109,0.0666,0,0,-0.00016,1.09,0.128,0.0001
03:57:29.462,3.61,0.0133,0.0109,0.0665,0,0,-0.00009,0.8,0.211,0.0
03:57:29.662,3.81,0.0133,0.0095,0.0666,0,0,-0.00010,1.23,0.095,0.0001
03:57:29.863,4.02,0.0133,0.0135,0.0666,0,0,-0.00008,0.47,0.226,0.0001
03:57:30.063,4.22,0.0132,0.0093,0.0666,0,0,0.00000,0.82,0.153,0.0
03:57:30.264,4.42,0.0132,0.0141,0.0660,0,0,-0.00007,0.65,0.22,0.0
03:57:30.464,4.62,0.0132,0.0109,0.0662,0,0,-0.00007,0.66,0.183,0.0001
03:57:30.665,4.82,0.0132,0.0085,0.0662,0,0,-0.00008,0.62,0.058,0.0
03:57:30.865,5.02,0.0133,0.0103,0.0661,0,0,-0.00008,0.81,0.12,0.0001
03:57:31.066,5.22,0.0133,0.0117,0.0664,0,0,-0.00006,1.37,0.163,0.0
03:57:31.271,5.42,0.0134,0.0098,0.0668,0,0,0.00006,0.81,0.13,0.0
03:57:31.473,5.63,0.0134,0.0100,0.0670,0,0,0.00014,1.22,0.146,0.0
03:57:31.673,5.83,0.0133,0.0108,0.0670,0,0,0.00014,1.05,0.119,0.0
03:57:31.874,6.03,0.0134,0.0108,0.0667,0,0,0.00012,0.72,0.189,0.0
03:57:32.074,6.23,0.0128,0.0142,0.0668,0,0,0.00011,0.85,0.252,0.0001
03:57:32.275,6.43,0.0126,0.0103,0.0642,0,0,-0.00013,0.33,0.217,0.0001
03:57:32.475,6.63,0.0127,0.0106,0.0631,0,0,-0.00043,0.64,0.183,0.0
03:57:32.676,6.83,0.0127,0.0127,0.0636,0,0,-0.00058,1.15,0.225,0.0
03:57:32.876,7.03,0.0128,0.0137,0.0637,0,0,-0.00062,0.7,0.348,0.0
03:57:33.077,7.23,0.0129,0.0102,0.0638,0,0,-0.00057,0.95,0.183,0.0
03:57:33.278,7.43,0.0128,0.0135,0.0643,0,0,-0.00039,0.42,0.27,0.0001
03:57:33.478,7.63,0.0130,0.0101,0.0638,0,0,-0.00022,1.1,0.123,0.0001
03:57:33.679,7.83,0.0127,0.0136,0.0649,0,0,0.00013,1.03,0.243,0.0001
03:57:33.879,8.03,0.0129,0.0107,0.0635,0,0,0.00012,0.68,0.186,0.0
03:57:34.080,8.23,0.0130,0.0110,0.0646,0,0,0.00010,-0.13,0.261,0.0001
03:57:34.280,8.43,0.0130,0.0094,0.0649,0,0,0.00014,0.11,0.247,0.0002
03:57:34.480,8.63,0.0137,0.0085,0.0650,0,0,0.00015,0.4,0.139,0.0001
03:57:34.681,8.83,0.0139,0.0020,0.0687,0,0,0.00046,0.8,0.006,0.0
03:57:34.882,9.03,0.0139,0.0058,0.0693,0,0,0.00075,0.98,0.062,0.0
03:57:35.082,9.23,0.0139,0.0083,0.0696,0,0,0.00089,0.63,0.101,0.0001
03:57:35.283,9.44,0.0141,0.0121,0.0697,0,0,0.00102,0.48,0.269,0.0001
03:57:35.484,9.64,0.0141,0.0088,0.0704,0,0,0.00094,0.33,0.193,0.0
03:57:35.684,9.84,0.0141,0.0053,0.0705,0,0,0.00083,0.27,0.114,0.0
03:57:35.885,10.04,0.0142,0.0068,0.0707,0,0,0.00062,0.67,0.067,0.0
03:57:36.086,10.24,0.0142,0.0080,0.0709,0,0,0.00030,0.77,0.119,0.0002
03:57:36.286,10.44,0.0142,0.0054,0.0711,0,0,0.00026,0.63,0.044,0.0001
03:57:36.487,10.64,0.0142,0.0072,0.0711,0,0,0.00023,0.96,0.094,0.0001
03:57:36.687,10.84,0.0142,0.0057,0.0709,0,0,0.00016,0.67,0.041,0.0003
03:57:36.888,11.04,0.0142,0.0041,0.0711,0,0,0.00009,0.75,0.01,0.0
03:57:37.088,11.24,0.0143,0.0071,0.0710,0,0,0.00006,0.89,0.102,0.0
03:57:37.289,11.44,0.0154,0.0106,0.0716,0,0,0.00008,0.97,0.204,0.0002
03:57:37.490,11.64,0.0140,0.0151,0.0769,0,0,0.00053,1.11,0.306,0.0002
03:57:37.690,11.84,0.0142,0.0117,0.0698,0,0,0.00026,0.78,0.182,0.0001
03:57:37.890,12.04,0.0142,0.0146,0.0709,0,0,0.00013,0.56,0.226,0.0
03:57:38.091,12.24,0.0150,0.0101,0.0711,0,0,0.00003,0.12,0.154,0.0
03:57:38.292,12.44,0.0143,0.0156,0.0749,0,0,0.00022,-0.1,0.329,0.0002
03:57:38.492,12.64,0.0142,0.0139,0.0716,0,0,0.00006,-0.8,0.258,0.0005
03:57:38.693,12.85,0.0143,0.0142,0.0712,0,0,-0.00016,-1.97,0.376,0.0004
03:57:38.896,13.05,0.0143,0.0125,0.0713,0,0,-0.00031,-1.78,0.255,0.0001
03:57:39.097,13.25,0.0147,0.0196,0.0717,0,0,0.00015,-3.37,0.614,0.0
03:57:39.297,13.45,0.0146,0.0300,0.0734,0,0,0.00011,-5.4,0.826,0.0
03:57:39.498,13.65,0.0148,0.0448,0.0731,0,0,0.00008,-8.81,0.367,0.0008
03:57:39.698,13.85,0.0153,0.0780,0.0740,0,0,0.00010,-8.58,0.51,0.0029
03:57:39.898,14.05,0.0165,0.1978,0.0773,0,0,0.00073,8.49,1.543,0.0123
03:57:40.098,14.25,0.0169,0.8710,0.1343,0,0,0.00569,40.96,4.54,0.0243
03:57:40.300,14.45,0.0173,0.8325,0.4524,1,0,0.03564,74.2,1.293,0.0447
03:57:40.502,14.65,0.0177,0.8055,0.4524,1,0,0.03564,81.26,0.636,0.0322
03:57:40.703,14.86,0.0177,0.6620,0.4524,1,0,0.03564,69.98,0.766,0.0146
03:57:40.904,15.06,0.0177,0.5554,0.3012,1,0,0.04391,68.27,0.103,0.0016
03:57:41.104,15.26,0.0165,0.5608,0.2992,1,1,0.04659,43.33,0.514,0.0
03:57:41.305,15.46,0.0157,0.5987,0.3131,1,1,0.04519,49.1,0.611,0.0
03:57:41.505,15.66,0.0157,0.5553,0.2964,1,1,0.03666,36.33,0.391,0.0
03:57:41.706,15.86,0.0157,0.5536,0.2975,1,1,0.02300,31.24,0.797,0.0
03:57:41.906,16.06,0.0157,0.5322,0.2958,1,1,0.00424,30.51,0.182,0.0
03:57:42.106,16.26,0.0155,0.6155,0.2812,1,1,-0.01484,55.43,0.093,0.0
03:57:42.307,16.46,0.0154,0.5475,0.2957,1,1,-0.00213,56.03,0.828,0.0
03:57:42.509,16.66,0.0166,0.6560,0.3077,1,1,-0.00089,70.12,2.43,0.0
03:57:42.710,16.86,0.0177,0.6287,0.3388,1,1,0.00258,68.12,1.084,0.0
03:57:42.911,17.06,0.0177,0.6172,0.3328,1,1,0.00609,64.04,2.126,0.0018
03:57:43.111,17.26,0.0177,0.6266,0.3197,1,1,0.00625,55.94,2.102,0.0
03:57:43.312,17.46,0.0177,0.5672,0.2949,1,1,0.00391,57.98,1.746,0.0
03:57:43.513,17.67,0.0177,0.5592,0.2994,1,1,0.00182,52.76,0.224,0.0012
03:57:43.713,17.87,0.0177,0.5723,0.3062,1,1,-0.00135,49.15,0.48,0.0011
03:57:43.914,18.07,0.0177,0.5511,0.2976,1,1,-0.00427,48.69,1.162,0.0
03:57:44.114,18.27,0.0177,0.5517,0.3066,1,1,-0.00521,40.07,0.867,0.0001
03:57:44.314,18.47,0.0177,0.5368,0.2929,1,1,-0.00393,56.22,0.441,0.0
03:57:44.515,18.67,0.0176,0.5396,0.3037,1,1,-0.00131,53.61,0.158,0.0
03:57:44.716,18.87,0.0165,0.5532,0.2942,1,1,-0.00018,56.73,0.174,0.0
03:57:44.916,19.07,0.0158,0.0000,0.3118,1,1,0.00037,0.0,0.0,0.0
03:57:45.117,19.27,0.0158,0.0000,0.0792,0,0,-0.01839,0.0,0.0,0.0
03:57:45.317,19.47,0.0158,0.0000,0.0792,0,0,-0.03118,0.0,0.0,0.0
03:57:45.523,19.68,0.0159,0.5896,0.2947,1,0,-0.02152,33.28,0.441,0.0
03:57:45.724,19.88,0.0162,0.6167,0.2898,1,0,-0.01124,40.58,2.44,0.0022
03:57:45.925,20.08,0.0173,0.0000,0.0831,0,0,-0.01925,0.0,0.0,0.0
03:57:46.125,20.28,0.0176,0.5999,0.3448,1,0,0.00069,43.48,1.864,0.0
03:57:46.326,20.48,0.0177,0.5670,0.3252,1,1,0.01701,43.68,0.549,0.0
03:57:46.527,20.68,0.0177,0.5653,0.0885,0,0,0.01474,37.47,1.378,0.003
03:57:46.727,20.88,0.0175,0.5579,0.3049,1,1,0.01091,38.91,0.45,0.0005
03:57:46.928,21.08,0.0174,0.5525,0.2998,1,0,0.00128,57.28,0.426,0.0001
03:57:47.128,21.28,0.0174,0.6944,0.3615,1,1,0.01463,75.58,3.35,0.0011
03:57:47.329,21.48,0.0175,0.7246,0.3366,1,1,0.02379,77.43,2.724,0.0032
03:57:47.529,21.68,0.0177,0.6893,0.3545,1,1,0.01117,86.03,3.817,0.004
03:57:47.729,21.88,0.0177,0.6400,0.3384,1,1,0.01880,74.76,2.009,0.0018
03:57:47.930,22.08,0.0162,0.6255,0.3133,1,1,0.02239,81.77,3.475,0.0009
03:57:48.130,22.28,0.0160,0.6135,0.3202,1,1,0.00147,76.72,3.331,0.0
03:57:48.331,22.48,0.0161,0.6886,0.3254,1,1,-0.00134,88.92,5.34,0.0
03:57:48.532,22.68,0.0162,0.6943,0.3462,1,1,-0.00346,85.4,4.754,0.0
03:57:48.733,22.89,0.0162,0.6427,0.3337,1,1,-0.00112,78.24,1.022,0.0
03:57:48.934,23.09,0.0163,0.5683,0.3006,1,1,-0.00353,53.93,1.68,0.0
03:57:49.138,23.29,0.0165,0.7570,0.3860,1,1,0.00394,40.67,5.51,0.0
03:57:49.339,23.49,0.0177,0.7559,0.2630,1,1,-0.00131,32.55,8.235,0.0
03:57:49.539,23.69,0.0177,0.6932,0.3606,1,1,0.00068,32.54,5.59,0.0
03:57:49.740,23.89,0.0178,0.7380,0.3862,1,1,0.00441,34.08,6.959,0.0
03:57:49.941,24.09,0.0179,0.6615,0.3469,1,1,0.00386,30.73,3.332,0.0
03:57:50.141,24.29,0.0177,0.4031,0.2306,1,1,-0.00467,21.7,0.652,0.0
03:57:50.342,24.49,0.0177,0.4101,0.2332,1,1,-0.01157,20.2,0.855,0.0
03:57:50.543,24.7,0.0177,0.2051,0.2332,1,1,-0.01157,12.32,0.904,0.0
03:57:50.744,24.9,0.0177,0.0510,0.2332,1,1,-0.01157,7.01,0.352,0.0
03:57:50.944,25.1,0.0172,0.0496,0.2332,1,1,-0.01157,9.02,0.434,0.0
03:57:51.145,25.3,0.0156,0.0332,0.2332,1,1,-0.01157,9.15,0.006,0.0
03:57:51.345,25.5,0.0146,0.0288,0.1122,0,0,-0.02970,9.29,0.004,0.0
03:57:51.546,25.7,0.0135,0.0285,0.1096,0,0,-0.03442,6.7,0.32,0.0
03:57:51.746,25.9,0.0128,0.0077,0.0674,0,0,-0.04924,0.63,0.167,0.0001
03:57:51.947,26.1,0.0128,0.0144,0.0642,0,0,-0.04923,-3.12,0.222,0.0007
03:57:52.148,26.3,0.0130,0.0228,0.0647,0,0,-0.03937,-3.32,0.053,0.0007
03:57:52.349,26.5,0.0130,0.0236,0.0651,0,0,-0.02604,-2.05,0.308,0.0004
03:57:52.550,26.7,0.0128,0.0180,0.0650,0,0,-0.01846,-0.05,0.566,0.0
03:57:52.751,26.9,0.0128,0.0191,0.0642,0,0,-0.00673,3.61,0.317,0.0
03:57:52.952,27.1,0.0129,0.0149,0.0643,0,0,-0.00393,4.88,0.091,0.0
03:57:53.152,27.3,0.0128,0.0192,0.0644,0,0,-0.00026,4.48,0.069,0.0002
03:57:53.354,27.51,0.0127,0.0156,0.0642,0,0,-0.00005,4.6,0.006,0.0001
03:57:53.554,27.71,0.0125,0.0178,0.0631,0,0,-0.00021,3.91,0.052,0.0
03:57:53.755,27.91,0.0128,0.0131,0.0624,0,0,-0.00034,3.76,0.003,0.0
03:57:53.955,28.11,0.0127,0.0247,0.0635,0,0,-0.00028,3.57,0.162,0.0
03:57:54.156,28.31,0.0127,0.0162,0.0635,0,0,-0.00019,2.86,0.2,0.0
03:57:54.357,28.51,0.0126,0.0084,0.0631,0,0,-0.00019,0.73,0.096,0.0
03:57:54.558,28.71,0.0128,0.0070,0.0635,0,0,-0.00011,1.09,0.115,0.0
03:57:54.758,28.91,0.0128,0.0094,0.0642,0,0,0.00005,1.14,0.126,0.0
03:57:54.959,29.11,0.0127,0.0123,0.0640,0,0,0.00018,1.82,0.049,0.0
03:57:55.159,29.31,0.0126,0.0149,0.0630,0,0,0.00011,1.77,0.123,0.0
03:57:55.359,29.51,0.0127,0.0114,0.0633,0,0,-0.00001,1.94,0.06,0.0
03:57:55.560,29.71,0.0127,0.0159,0.0633,0,0,-0.00003,1.6,0.158,0.0002
03:57:55.760,29.91,0.0127,0.0067,0.0635,0,0,-0.00002,1.08,0.014,0.0003
03:57:55.961,30.11,0.0128,0.0099,0.0641,0,0,-0.00002,1.13,0.07,0.0002
03:57:56.162,30.31,0.0128,0.0143,0.0644,0,0,0.00004,0.69,0.13,0.0
03:57:56.363,30.52,0.0128,0.0104,0.0638,0,0,0.00010,0.52,0.185,0.0
03:57:56.563,30.72,0.0141,0.0139,0.0652,0,0,0.00026,0.8,0.231,0.0
03:57:56.764,30.92,0.0144,0.0195,0.0717,0,0,0.00083,1.27,0.345,0.0
03:57:56.964,31.12,0.0145,0.0102,0.0716,0,0,0.00122,0.74,0.064,0.0
03:57:57.165,31.32,0.0149,0.0099,0.0727,0,0,0.00148,0.49,0.004,0.0
03:57:57.369,31.52,0.0152,0.0152,0.0756,0,0,0.00180,0.62,0.08,0.0
03:57:57.570,31.72,0.0139,0.0116,0.0754,0,0,0.00188,0.95,0.091,0.0
03:57:57.770,31.92,0.0142,0.0103,0.0692,0,0,0.00121,-0.07,0.174,0.0002
03:57:57.970,32.12,0.0140,0.0116,0.0712,0,0,0.00052,-0.2,0.32,0.0002
03:57:58.171,32.32,0.0139,0.0040,0.0695,0,0,-0.00033,-0.24,0.114,0.0001
03:57:58.372,32.52,0.0138,0.0061,0.0691,0,0,-0.00063,-1.68,0.027,0.0006
03:57:58.573,32.73,0.0136,0.0415,0.0689,0,0,-0.00089,-2.78,1.12,0.0008
03:57:58.773,32.93,0.0137,0.0540,0.0681,0,0,-0.00104,2.51,1.306,0.001
03:57:58.975,33.13,0.0137,0.0734,0.0621,0,0,-0.00127,3.87,1.879,0.0005
03:57:59.175,33.33,0.0142,0.0907,0.0743,0,0,-0.00018,5.64,2.327,0.0
03:57:59.376,33.53,0.0142,0.0469,0.0666,0,0,-0.00036,6.95,0.946,0.0
03:57:59.577,33.73,0.0142,0.0185,0.0710,0,0,0.00010,5.32,0.102,0.0
03:57:59.778,33.93,0.0136,0.0347,0.0687,0,0,0.00018,2.36,0.564,0.0003
03:57:59.978,34.13,0.0137,0.0379,0.0686,0,0,0.00024,-0.16,0.469,0.0011
03:58:00.178,34.33,0.0136,0.0407,0.0684,0,0,0.00027,0.4,0.577,0.0008
03:58:00.380,34.53,0.0136,0.0403,0.0681,0,0,0.00020,8.41,0.312,0.0005
03:58:00.582,34.73,0.0135,0.2240,0.0676,0,0,-0.00056,10.27,2.053,0.0007
03:58:00.782,34.93,0.0135,0.1267,0.1381,0,0,0.00573,9.66,2.886,0.0009
03:58:00.983,35.14,0.0135,0.1085,0.0927,0,0,0.00590,4.1,2.377,0.0017
03:58:01.183,35.34,0.0138,0.0678,0.0869,0,0,0.00544,1.71,1.525,0.0023
03:58:01.384,35.54,0.0136,0.0307,0.0671,0,0,0.00269,-2.31,0.772,0.0008
03:58:01.584,35.74,0.0134,0.0070,0.0680,0,0,0.00005,-0.49,0.115,0.0
03:58:01.785,35.94,0.0133,0.0096,0.0670,0,0,-0.00267,2.55,0.026,0.0
03:58:01.986,36.14,0.0132,0.0265,0.0662,0,0,-0.00546,5.77,0.224,0.0
03:58:02.186,36.34,0.0132,0.0270,0.0657,0,0,-0.00831,8.33,0.098,0.0
03:58:02.386,36.54,0.0129,0.0296,0.0659,0,0,-0.00354,7.22,0.346,0.0
03:58:02.587,36.74,0.0129,0.0229,0.0646,0,0,-0.00203,6.01,0.076,0.0
03:58:02.787,36.94,0.0118,0.0224,0.0624,0,0,-0.00064,4.65,0.132,0.0
03:58:02.988,37.14,0.0118,0.0266,0.0116,0,0,-0.00503,4.76,0.264,0.0
03:58:03.188,37.34,0.0127,0.0444,0.0118,0,0,-0.00799,6.85,0.752,0.0
03:58:03.389,37.54,0.0128,0.0716,0.0654,0,0,-0.00525,9.25,1.512,0.0002
03:58:03.590,37.74,0.0128,0.0313,0.0610,0,0,-0.00292,7.58,0.141,0.0008
03:58:03.791,37.94,0.0129,0.0692,0.0603,0,0,-0.00057,3.6,1.567,0.0009
03:58:03.993,38.15,0.0130,0.0840,0.0735,0,0,0.00302,0.96,2.447,0.0
03:58:04.195,38.35,0.0130,0.0693,0.0707,0,0,0.00606,-3.57,1.775,0.0
03:58:04.396,38.55,0.0130,0.0192,0.0644,0,0,0.00819,-4.41,0.11,0.0
03:58:04.596,38.75,0.0128,0.0353,0.0644,0,0,0.00484,-2.13,0.868,0.0
03:58:04.797,38.95,0.0127,0.0198,0.0640,0,0,0.00020,-0.94,0.646,0.0
03:58:04.997,39.15,0.0127,0.0233,0.0630,0,0,-0.00001,0.04,0.622,0.0
03:58:05.198,39.35,0.0131,0.0433,0.0651,0,0,-0.00046,5.11,0.68,0.0005
03:58:05.399,39.55,0.0134,0.2152,0.1203,0,0,0.00351,12.53,1.604,0.0017
03:58:05.599,39.75,0.0134,0.2770,0.1572,0,0,0.01055,15.03,3.29,0.0022
03:58:05.800,39.95,0.0135,0.1466,0.1639,0,0,0.01586,9.65,2.907,0.0017
03:58:06.000,40.15,0.0139,0.1010,0.1020,0,0,0.01311,5.43,2.002,0.0012
03:58:06.201,40.35,0.0140,0.0461,0.0813,0,0,0.00774,-0.86,1.167,0.0005
03:58:06.403,40.56,0.0139,0.0279,0.0701,0,0,0.00098,-3.17,0.798,0.0
03:58:06.604,40.76,0.0136,0.0122,0.0683,0,0,-0.00618,0.73,0.208,0.0
03:58:06.804,40.96,0.0136,0.0203,0.0677,0,0,-0.01328,2.7,0.157,0.0
03:58:07.005,41.16,0.0136,0.0280,0.0678,0,0,-0.01452,5.49,0.125,0.0002
03:58:07.207,41.36,0.0136,0.0252,0.0683,0,0,-0.01051,6.2,0.061,0.0001
03:58:07.407,41.56,0.0136,0.0265,0.0680,0,0,-0.00370,5.13,0.101,0.0
03:58:07.608,41.76,0.0135,0.0242,0.0680,0,0,-0.00123,2.94,0.077,0.0
03:58:07.808,41.96,0.0129,0.0172,0.0675,0,0,-0.00021,2.57,0.006,0.0
03:58:08.011,42.16,0.0127,0.0155,0.0657,0,0,-0.00022,2.8,0.003,0.0
03:58:08.211,42.36,0.0118,0.0162,0.0644,0,0,-0.00043,2.19,0.026,0.0
03:58:08.412,42.56,0.0117,0.0245,0.0118,0,0,-0.00499,4.56,0.166,0.0002
03:58:08.612,42.76,0.0116,0.0266,0.0117,0,0,-0.00821,4.21,0.203,0.0
03:58:08.813,42.97,0.0115,0.0189,0.0116,0,0,-0.01006,3.16,0.005,0.0
03:58:09.013,43.17,0.0114,0.0162,0.0115,0,0,-0.01060,3.22,0.012,0.0
03:58:09.214,43.37,0.0112,0.0144,0.0114,0,0,-0.00980,1.85,0.03,0.0001
03:58:09.415,43.57,0.0114,0.0196,0.0112,0,0,-0.00771,1.85,0.085,0.0002
03:58:09.615,43.77,0.0112,0.0236,0.0113,0,0,-0.00448,2.09,0.149,0.0002
03:58:09.816,43.97,0.0109,0.0182,0.0111,0,0,-0.00010,2.47,0.11,0.0
03:58:10.016,44.17,0.0113,0.0186,0.0109,0,0,-0.00010,2.16,0.162,0.0
03:58:10.218,44.37,0.0109,0.0189,0.0110,0,0,-0.00009,2.59,0.147,0.0001
03:58:10.419,44.57,0.0111,0.0144,0.0109,0,0,-0.00008,2.51,0.015,0.0001
03:58:10.620,44.77,0.0111,0.0193,0.0111,0,0,-0.00005,2.25,0.075,0.0
03:58:10.820,44.97,0.0111,0.0184,0.0111,0,0,-0.00003,2.48,0.049,0.0
03:58:11.022,45.17,0.0111,0.0174,0.0111,0,0,-0.00001,2.31,0.011,0.0
03:58:11.223,45.38,0.0111,0.0183,0.0112,0,0,0.00002,2.33,0.09,0.0
03:58:11.424,45.58,0.0112,0.0135,0.0111,0,0,0.00004,2.5,0.005,0.0
03:58:11.624,45.78,0.0114,0.0171,0.0112,0,0,0.00004,2.09,0.035,0.0001
03:58:11.825,45.98,0.0113,0.0157,0.0114,0,0,0.00005,2.58,0.048,0.0001
03:58:12.025,46.18,0.0114,0.0152,0.0113,0,0,0.00004,2.53,0.025,0.0
03:58:12.226,46.38,0.0116,0.0195,0.0114,0,0,0.00005,2.37,0.085,0.0
03:58:12.427,46.58,0.0110,0.0206,0.0110,0,0,0.00001,2.53,0.097,0.0002
03:58:12.627,46.78,0.0114,0.0212,0.0111,0,0,-0.00001,2.36,0.069,0.0
03:58:12.827,46.98,0.0119,0.0166,0.0114,0,0,0.00000,3.04,0.052,0.0
03:58:13.029,47.18,0.0119,0.0157,0.0119,0,0,0.00004,2.67,0.137,0.0
03:58:13.230,47.38,0.0118,0.0204,0.0120,0,0,0.00008,2.71,0.085,0.0001
03:58:13.431,47.58,0.0120,0.0175,0.0120,0,0,0.00012,2.33,0.017,0.0001
03:58:13.631,47.78,0.0119,0.0161,0.0120,0,0,0.00014,2.87,0.023,0.0001
03:58:13.832,47.98,0.0118,0.0208,0.0119,0,0,0.00015,3.08,0.089,0.0002
03:58:14.032,48.18,0.0111,0.0218,0.0113,0,0,0.00005,3.15,0.164,0.0002
03:58:14.233,48.39,0.0112,0.0163,0.0111,0,0,-0.00006,2.84,0.035,0.0001
03:58:14.433,48.59,0.0112,0.0145,0.0112,0,0,-0.00014,2.79,0.038,0.0
03:58:14.637,48.79,0.0109,0.0201,0.0112,0,0,-0.00015,1.9,0.087,0.0002
03:58:14.837,48.99,0.0109,0.0185,0.0109,0,0,-0.00016,2.27,0.076,0.0002
03:58:15.038,49.19,0.0107,0.0142,0.0108,0,0,-0.00015,1.84,0.004,0.0002
03:58:15.239,49.39,0.0106,0.0180,0.0107,0,0,-0.00013,2.13,0.133,0.0001
03:58:15.442,49.59,0.0103,0.0184,0.0105,0,0,-0.00010,2.16,0.139,0.0
03:58:15.643,49.8,0.0102,0.0140,0.0102,0,0,-0.00013,2.72,0.029,0.0
03:58:15.844,50.0,0.0104,0.0192,0.0102,0,0,-0.00015,2.82,0.004,0.0
03:58:16.044,50.2,0.0102,0.0218,0.0104,0,0,-0.00014,3.06,0.078,0.0
03:58:16.245,50.4,0.0100,0.0183,0.0101,0,0,-0.00012,1.93,0.106,0.0001
03:58:16.445,50.6,0.0100,0.0181,0.0099,0,0,-0.00012,2.34,0.047,0.0002
03:58:16.647,50.8,0.0103,0.0192,0.0100,0,0,-0.00010,2.88,0.021,0.0001
03:58:16.847,51.0,0.0101,0.0152,0.0100,0,0,-0.00007,3.08,0.028,0.0
03:58:17.047,51.2,0.0102,0.0187,0.0101,0,0,-0.00004,3.16,0.026,0.0
03:58:17.247,51.4,0.0103,0.0155,0.0104,0,0,-0.00000,2.34,0.019,0.0002
03:58:17.448,51.6,0.0104,0.0228,0.0103,0,0,0.00002,2.9,0.226,0.0003
03:58:17.650,51.8,0.0128,0.0350,0.0619,0,0,0.00435,5.06,0.158,0.0013
03:58:17.851,52.0,0.0135,0.0566,0.0644,0,0,0.00764,5.02,0.502,0.0036
03:58:18.052,52.2,0.0177,0.2602,0.0713,0,0,0.01020,11.94,1.696,0.0105
03:58:18.252,52.4,0.0177,0.6107,0.1873,1,0,0.02096,22.0,6.923,0.0146
03:58:18.453,52.61,0.0177,0.6784,0.1873,1,0,0.02096,28.96,9.907,0.0186
03:58:18.655,52.81,0.0177,0.9239,0.1873,1,0,0.02096,76.56,5.97,0.0315
03:58:18.855,53.01,0.0177,0.7088,0.3678,1,0,0.04254,28.09,3.748,0.0472
03:58:19.057,53.21,0.0178,0.3613,0.0889,0,0,0.03238,-6.65,2.655,0.0463
03:58:19.257,53.41,0.0177,0.3595,0.2104,1,0,0.03050,-11.72,2.813,0.015
03:58:19.458,53.61,0.0176,0.0000,0.0880,0,0,0.01364,0.0,0.0,0.0
03:58:19.658,53.81,0.0177,0.2070,0.1417,0,0,0.00494,5.98,1.9,0.0212
03:58:19.860,54.01,0.0172,0.3201,0.1914,1,0,-0.00125,11.03,1.678,0.0177
03:58:20.060,54.21,0.0156,0.0000,0.0780,0,0,-0.01917,0.0,0.0,0.0
03:58:20.261,54.41,0.0154,0.1662,0.1173,0,0,-0.02156,11.59,0.612,0.0007
03:58:20.463,54.62,0.0154,0.1542,0.1117,0,0,-0.00341,16.0,0.78,0.0
03:58:20.664,54.82,0.0160,0.6122,0.3194,1,0,0.00827,51.05,1.494,0.0
03:58:20.864,55.02,0.0163,0.6094,0.3190,1,0,0.02745,83.34,2.018,0.0
03:58:21.065,55.22,0.0165,0.6094,0.3195,1,1,0.03097,83.34,2.018,0.0
03:58:21.265,55.42,0.0163,0.6853,0.3533,1,1,0.03754,84.02,5.212,0.0
03:58:21.466,55.62,0.0161,0.7974,0.4032,1,1,0.04856,55.92,6.288,0.0
03:58:21.666,55.82,0.0160,0.7062,0.3618,1,1,0.03894,58.73,2.665,0.0
03:58:21.867,56.02,0.0172,0.7060,0.3612,1,1,0.02673,69.15,3.858,0.0
03:58:22.069,56.22,0.0165,0.6997,0.3602,1,1,0.00802,77.41,0.662,0.008
03:58:22.269,56.42,0.0169,0.7867,0.4005,1,1,0.00900,49.32,3.11,0.0193
03:58:22.470,56.62,0.0168,0.8272,0.4185,1,1,0.00951,38.1,4.29,0.0189
03:58:22.671,56.82,0.0168,0.6798,0.3520,1,1,0.00217,32.77,1.86,0.0095
03:58:22.873,57.03,0.0164,0.0000,0.0819,0,0,-0.02483,0.0,0.0,0.0
03:58:23.074,57.23,0.0169,0.0000,0.0847,0,0,-0.03979,0.0,0.0,0.0
03:58:23.275,57.43,0.0157,0.0000,0.0787,0,0,-0.05211,0.0,0.0,0.0
03:58:23.475,57.63,0.0157,0.0000,0.2936,1,0,-0.03984,0.0,0.0,0.0
03:58:23.676,57.83,0.0157,0.0000,0.0783,0,0,-0.04401,0.0,0.0,0.0
03:58:23.877,58.03,0.0157,0.0000,0.0785,0,0,-0.03713,0.0,0.0,0.0
03:58:24.078,58.23,0.0158,0.3788,0.2137,1,0,-0.00940,29.64,1.061,0.0
03:58:24.278,58.43,0.0157,0.3771,0.2207,1,0,0.01667,24.54,1.497,0.0
03:58:24.478,58.63,0.0158,0.3921,0.2142,1,1,0.01639,26.59,1.397,0.0
03:58:24.679,58.83,0.0157,0.3823,0.2153,1,1,0.01335,22.85,1.51,0.0003
03:58:24.880,59.03,0.0156,0.3877,0.2177,1,1,0.00675,24.58,1.295,0.0003
03:58:25.080,59.23,0.0157,0.5472,0.2236,1,1,0.02037,-81.94,0.089,0.0018
03:58:25.281,59.43,0.0156,0.0000,0.3087,1,1,0.01968,0.0,0.0,0.0
03:58:25.481,59.63,0.0155,0.3952,0.2204,1,1,0.00616,22.54,0.031,0.0051
03:58:25.681,59.83,0.0154,0.0856,0.0808,0,0,-0.00788,8.3,1.503,0.0016
03:58:25.883,60.04,0.0152,0.1828,0.1241,0,0,-0.01441,13.14,1.517,0.0014
03:58:26.083,60.24,0.0152,0.0331,0.0760,0,0,-0.02333,-4.08,0.122,0.0012
03:58:26.284,60.44,0.0145,0.5670,0.2951,1,0,-0.01059,-89.23,1.833,0.0
03:58:26.484,60.64,0.0146,0.0595,0.0670,0,0,-0.01850,8.16,0.774,0.002
03:58:26.685,60.84,0.0159,0.4489,0.2456,1,0,-0.00730,22.13,3.49,0.0003
03:58:26.885,61.04,0.0163,0.5625,0.2981,1,0,0.01686,54.03,1.81,0.0
03:58:27.086,61.24,0.0166,0.2413,0.1541,0,0,0.01981,15.29,3.17,0.0
03:58:27.287,61.44,0.0166,0.0557,0.0707,0,0,0.00244,7.57,1.27,0.0
03:58:27.488,61.64,0.0177,0.0685,0.0795,0,0,-0.00933,7.76,2.006,0.0
03:58:27.688,61.84,0.0177,0.2013,0.1392,0,0,-0.02021,13.04,1.963,0.0
03:58:27.889,62.04,0.0172,0.2224,0.1475,0,0,-0.00843,17.53,1.967,0.0
03:58:28.090,62.24,0.0161,0.4008,0.2245,1,0,-0.01115,20.22,2.231,0.0
03:58:28.291,62.44,0.0155,0.5758,0.3017,1,0,0.00795,30.34,0.596,0.0
03:58:28.491,62.64,0.0169,0.6303,0.3017,1,0,0.00795,33.11,1.471,0.0
03:58:28.691,62.84,0.0170,0.7129,0.3017,1,0,0.00795,31.08,4.262,0.0
03:58:28.893,63.05,0.0177,0.5379,0.3017,1,0,0.00795,29.45,5.571,0.0
03:58:29.093,63.25,0.0173,0.2251,0.2699,1,1,0.02868,12.0,3.01,0.0
03:58:29.294,63.45,0.0173,0.0483,0.0969,0,0,0.02024,-4.92,0.979,0.0
03:58:29.494,63.65,0.0172,0.0310,0.0859,0,0,0.00330,-9.49,0.081,0.0
03:58:29.696,63.85,0.0171,0.0413,0.0857,0,0,-0.01307,-6.29,0.772,0.0
03:58:29.896,64.05,0.0172,0.0312,0.0858,0,0,-0.02317,-2.5,0.897,0.0
03:58:30.096,64.25,0.0162,0.0340,0.0809,0,0,-0.03153,-0.91,1.121,0.0
03:58:30.297,64.45,0.0162,0.0539,0.0810,0,0,-0.03004,-2.99,1.626,0.0
03:58:30.498,64.65,0.0161,0.1814,0.0812,0,0,-0.01685,-10.18,1.206,0.0
03:58:30.700,64.85,0.0160,0.2029,0.1317,0,0,0.00240,-14.31,1.446,0.0012
03:58:30.900,65.05,0.0159,0.2076,0.1364,0,0,0.00679,-14.27,1.019,0.0024
03:58:31.101,65.25,0.0159,0.1995,0.1381,0,0,0.00920,-10.92,0.359,0.0028
03:58:31.301,65.45,0.0159,0.0716,0.0749,0,0,0.00508,-9.47,0.268,0.0023
03:58:31.502,65.65,0.0160,0.0372,0.0796,0,0,0.00161,-8.22,0.041,0.0005
03:58:31.702,65.85,0.0159,0.0261,0.0793,0,0,-0.00225,-3.34,0.071,0.0
03:58:31.903,66.06,0.0158,0.0239,0.0791,0,0,-0.00608,-0.45,0.64,0.0
03:58:32.104,66.26,0.0157,0.0150,0.0787,0,0,-0.00988,-2.26,0.469,0.0001
03:58:32.304,66.46,0.0177,0.0279,0.0779,0,0,-0.00827,-4.79,0.396,0.001
03:58:32.504,66.66,0.0177,0.0121,0.0885,0,0,-0.00400,-1.34,0.153,0.0009
03:58:32.705,66.86,0.0176,0.0217,0.0885,0,0,0.00160,2.41,0.008,0.0007
03:58:32.905,67.06,0.0145,0.0374,0.0824,0,0,0.00110,3.33,0.09,0.0008
03:58:33.106,67.26,0.0139,0.0313,0.0696,0,0,-0.00014,6.71,0.062,0.0007
03:58:33.306,67.46,0.0131,0.0326,0.0676,0,0,-0.00134,6.96,0.063,0.0006
03:58:33.507,67.66,0.0127,0.0235,0.0638,0,0,-0.00260,6.25,0.034,0.0
03:58:33.708,67.86,0.0136,0.0288,0.0647,0,0,-0.00346,6.05,0.204,0.0
03:58:33.908,68.06,0.0133,0.0211,0.0665,0,0,-0.00393,6.03,0.033,0.0
03:58:34.110,68.26,0.0131,0.0219,0.0651,0,0,-0.00312,5.14,0.017,0.0
03:58:34.311,68.46,0.0131,0.0215,0.0654,0,0,-0.00171,5.39,0.146,0.0
03:58:34.512,68.66,0.0131,0.0286,0.0657,0,0,-0.00038,4.69,0.22,0.0005
03:58:34.713,68.87,0.0131,0.0174,0.0657,0,0,-0.00004,3.39,0.012,0.0005
03:58:34.913,69.07,0.0134,0.0178,0.0665,0,0,0.00026,3.82,0.013,0.0
03:58:35.114,69.27,0.0131,0.0195,0.0657,0,0,0.00011,3.47,0.041,0.0
03:58:35.314,69.47,0.0132,0.0226,0.0658,0,0,0.00002,1.91,0.298,0.0
03:58:35.518,69.67,0.0132,0.0209,0.0659,0,0,0.00010,1.36,0.402,0.0001
03:58:35.719,69.87,0.0131,0.0115,0.0657,0,0,0.00003,0.78,0.129,0.0
03:58:35.919,70.07,0.0131,0.0218,0.0655,0,0,-0.00004,1.56,0.418,0.0
03:58:36.119,70.27,0.0129,0.0188,0.0655,0,0,-0.00008,1.52,0.36,0.0
03:58:36.320,70.47,0.0127,0.0238,0.0643,0,0,-0.00022,1.93,0.48,0.0
03:58:36.521,70.67,0.0126,0.0108,0.0633,0,0,-0.00031,1.81,0.009,0.0
03:58:36.721,70.87,0.0122,0.0124,0.0622,0,0,-0.00051,1.71,0.118,0.0001
03:58:36.921,71.07,0.0121,0.0173,0.0609,0,0,-0.00072,1.81,0.237,0.0
03:58:37.123,71.28,0.0119,0.0138,0.0120,0,0,-0.00488,1.26,0.079,0.0001
03:58:37.323,71.48,0.0117,0.0140,0.0117,0,0,-0.00780,1.44,0.05,0.0001
03:58:37.523,71.68,0.0116,0.0149,0.0116,0,0,-0.00946,1.65,0.21,0.0
03:58:37.724,71.88,0.0119,0.0146,0.0118,0,0,-0.00983,1.32,0.145,0.0
03:58:37.924,72.08,0.0125,0.0174,0.0631,0,0,-0.00478,2.25,0.284,0.0001
03:58:38.125,72.28,0.0122,0.0117,0.0615,0,0,0.00006,1.12,0.271,0.0001
03:58:38.326,72.48,0.0122,0.0189,0.0610,0,0,0.00479,-0.85,0.518,0.0
03:58:38.526,72.68,0.0126,0.0108,0.0608,0,0,0.00940,-4.11,0.319,0.0
03:58:38.727,72.88,0.0143,0.0412,0.0675,0,0,0.00932,-3.61,1.103,0.0004
03:58:38.927,73.08,0.0142,0.0546,0.0625,0,0,0.00747,0.68,1.543,0.0006
03:58:39.128,73.28,0.0137,0.1135,0.0881,0,0,0.00654,6.08,2.877,0.0
03:58:39.328,73.48,0.0158,0.2459,0.0916,0,0,0.00409,10.96,2.627,0.0
03:58:39.529,73.68,0.0172,0.2047,0.1569,0,0,0.01068,14.42,1.12,0.0
03:58:39.730,73.88,0.0176,0.1760,0.1346,0,0,0.01301,13.53,0.09,0.0
03:58:39.931,74.08,0.0177,0.1775,0.1290,0,0,0.01308,11.54,0.313,0.0
03:58:40.131,74.28,0.0165,0.0678,0.0768,0,0,0.00717,9.46,0.831,0.0
03:58:40.332,74.48,0.0148,0.0557,0.0775,0,0,0.00165,6.49,0.631,0.0
03:58:40.532,74.68,0.0146,0.1970,0.0763,0,0,-0.00475,12.23,0.181,0.0022
03:58:40.733,74.89,0.0143,0.2423,0.1370,0,0,-0.00367,14.92,1.01,0.0035
03:58:40.933,75.09,0.0142,0.2920,0.1661,0,0,-0.00096,14.45,2.639,0.0035
03:58:41.134,75.29,0.0143,0.1378,0.1698,0,0,0.00728,9.66,2.505,0.0018
03:58:41.334,75.49,0.0144,0.0980,0.0855,0,0,0.00580,4.21,2.287,0.0012
03:58:41.535,75.69,0.0146,0.0463,0.0630,0,0,0.00301,-3.35,1.252,0.0009
03:58:41.735,75.89,0.0145,0.0027,0.0725,0,0,-0.00301,-1.95,0.068,0.0
03:58:41.936,76.09,0.0159,0.0252,0.0796,0,0,-0.00825,4.59,0.328,0.0
03:58:42.138,76.29,0.0177,0.0297,0.0884,0,0,-0.01294,5.66,0.339,0.0
03:58:42.338,76.49,0.0177,0.0359,0.0885,0,0,-0.01141,7.83,0.322,0.0
03:58:42.539,76.69,0.0162,0.0276,0.0883,0,0,-0.00562,5.29,0.118,0.0
03:58:42.739,76.89,0.0148,0.0254,0.0740,0,0,0.00122,4.27,0.199,0.0
03:58:42.940,77.09,0.0141,0.0224,0.0709,0,0,0.00106,4.3,0.14,0.0
03:58:43.140,77.29,0.0141,0.0229,0.0706,0,0,-0.00119,4.43,0.157,0.0
03:58:43.340,77.49,0.0142,0.0299,0.0692,0,0,-0.00273,4.74,0.362,0.0001
03:58:43.540,77.69,0.0141,0.0344,0.0703,0,0,-0.00332,6.23,0.158,0.0005
03:58:43.741,77.89,0.0136,0.0366,0.0693,0,0,-0.00284,8.07,0.185,0.0005
03:58:43.943,78.1,0.0134,0.0394,0.0675,0,0,-0.00205,4.63,0.71,0.0005
03:58:44.144,78.3,0.0158,0.0689,0.0688,0,0,-0.00067,2.91,2.124,0.0002
03:58:44.345,78.5,0.0174,0.0480,0.0685,0,0,-0.00038,-0.12,1.379,0.0
03:58:44.545,78.7,0.0172,0.0350,0.0800,0,0,0.00067,-2.01,0.799,0.0
03:58:44.746,78.9,0.0172,0.0371,0.0860,0,0,0.00196,1.29,1.156,0.0
03:58:44.946,79.1,0.0171,0.0551,0.0856,0,0,0.00271,3.36,1.307,0.0
03:58:45.150,79.3,0.0171,0.0924,0.0721,0,0,0.00207,6.11,1.745,0.0003
03:58:45.351,79.5,0.0172,0.0695,0.0865,0,0,0.00246,7.08,1.094,0.0008
03:58:45.553,79.71,0.0164,0.0527,0.0803,0,0,0.00174,6.95,0.383,0.0003
03:58:45.754,79.91,0.0149,0.0654,0.0653,0,0,-0.00040,7.91,0.264,0.0011
03:58:45.954,80.11,0.0141,0.1109,0.0655,0,0,-0.00246,8.38,1.555,0.0023
03:58:46.155,80.31,0.0139,0.1641,0.0935,0,0,-0.00089,7.63,3.161,0.003
03:58:46.356,80.51,0.0145,0.1376,0.1164,0,0,0.00291,5.81,2.916,0.0025
03:58:46.556,80.71,0.0146,0.0998,0.1021,0,0,0.00475,2.32,2.158,0.0019
03:58:46.757,80.91,0.0146,0.0367,0.0766,0,0,0.00263,0.43,0.792,0.0004
03:58:46.957,81.11,0.0144,0.0205,0.0724,0,0,0.00159,-0.35,0.545,0.0
03:58:47.158,81.31,0.0146,0.0222,0.0728,0,0,0.00025,1.96,0.287,0.0
03:58:47.359,81.51,0.0156,0.0318,0.0740,0,0,-0.00240,6.19,0.334,0.0
03:58:47.559,81.71,0.0149,0.0447,0.0782,0,0,-0.00490,8.26,0.365,0.0002
03:58:47.760,81.91,0.0147,0.0425,0.0739,0,0,-0.00505,8.04,0.267,0.0006
03:58:47.961,82.11,0.0147,0.0390,0.0735,0,0,-0.00231,8.26,0.075,0.0005
03:58:48.162,82.31,0.0145,0.0365,0.0737,0,0,-0.00008,7.36,0.326,0.0004
03:58:48.363,82.52,0.0145,0.0228,0.0725,0,0,-0.00000,3.32,0.101,0.0
03:58:48.563,82.72,0.0145,0.0194,0.0727,0,0,-0.00027,1.18,0.175,0.0
